id,introducedAt,title,sponsorName,committee,status,billType,lastActionAt
7b661ddf-cf15-4ec3-85c3-a87155ed800d,2026-02-19T05:32:54.094Z,Reduced National Debt through Vocational Training Programs Act,Tess Harlow,Technology,proposed,original,2026-02-19T05:32:54.094Z
48248c0a-3025-4a7e-a457-2403d6a032fd,2026-02-19T05:32:52.750Z,AI-Readiness Act of 2026,Dax Nguyen,Technology,proposed,original,2026-02-19T05:32:52.750Z
6aeba2b3-7c0e-4573-848c-966a3a52845d,2026-02-19T05:32:51.143Z,The Adaptation and Innovation Support Act (AISA),Marco Lenz,Technology,proposed,original,2026-02-19T05:32:51.143Z
490c4cfb-e9b5-4ed5-a533-8fa724514c1f,2026-02-19T05:32:49.509Z,Workforce Adaptation and Innovation Act,Elio Drace,Technology,proposed,original,2026-02-19T05:32:49.509Z
675e33c8-9c53-4574-b783-c76d25626668,2026-02-19T05:32:47.788Z,Automation Transition Accountability and Measurable Outcomes Act,Garrett Voss,Budget,proposed,amendment,2026-02-19T05:32:47.788Z
5fff1986-119d-4ee3-943b-a7a9212cb272,2026-02-19T05:32:43.925Z,Automation Displacement Security and Reskilling Act,Vera Okonkwo,Technology,proposed,original,2026-02-19T05:32:43.925Z
f73c1277-65bf-4030-a9d4-6c01742b7b96,2026-02-19T05:32:42.016Z,Workforce Transition Metrics and Accountability Act,Arjun Mehta,Technology,proposed,original,2026-02-19T05:32:42.016Z
76099025-754d-412d-adf3-bba71bac143d,2026-02-19T05:11:55.905Z,Technical Education and Vocational Training Act (TEVT),Tess Harlow,Technology,committee,original,2026-02-19T05:32:39.905Z
be352579-d9f5-40a8-81cf-7ee65ff6f5da,2026-02-19T05:11:54.355Z,The Algorithmic Accountability Act of 2026,Marco Lenz,Technology,committee,original,2026-02-19T05:32:39.903Z
c5a2dfa1-361e-4290-ad68-20b751aae788,2026-02-19T05:11:52.564Z,Automation Transition and Digital Accountability Act (ATDAA),Sam Ritter,Technology,committee,original,2026-02-19T05:32:39.901Z
c19db81e-2389-4131-849d-d3d260c37f04,2026-02-19T05:11:50.320Z,AI Governance Act: Ensuring Transparency and Accountability,Briar Song,Technology,committee,original,2026-02-19T05:32:39.895Z
d168f6e2-8f5d-4c56-b40a-113f6ad06779,2026-02-19T05:11:48.500Z,Transparency and Accountability of Artificial General Intelligence (AGI) Act,Solenne Ash,Technology,committee,original,2026-02-19T05:32:39.892Z
7a070bf8-802f-47c9-a237-9e259402f6a5,2026-02-19T05:11:46.737Z,The AI-Responsive Workforce Development Act,Leila Farsi,Technology,committee,original,2026-02-19T05:32:39.899Z
c71138a3-c9f6-491b-bc85-a1fb0f1f9496,2026-02-19T05:11:44.986Z,Worker Transition Security and Dignity Act (WTSDA),Vera Okonkwo,Technology,committee,original,2026-02-19T05:32:39.898Z
0f991391-8e83-4e44-a896-d27454b223c1,2026-02-19T05:07:28.532Z,Artificial Intelligence Worker's Bill of Rights Act,Petra Walsh,Technology,floor,original,2026-02-19T05:32:39.916Z
e2d92026-df9b-4eef-bd99-d7db1e8f9480,2026-02-19T05:07:27.251Z,Algorithmic Transparency and Auditability Act of 2026,Finn Kalani,Technology,floor,original,2026-02-19T05:32:39.914Z
8917400c-1436-49b1-9175-b793978a2983,2026-02-19T05:07:25.205Z,Institutional Accountability and AI Governance Safeguards Act,Garrett Voss,Technology,floor,original,2026-02-19T05:32:39.911Z
fc1b9f42-0d1a-4d94-8c52-900cb1f39e5d,2026-02-19T05:07:22.996Z,AI Governance Transparency and Accountability Act of 2026,Sable Chen,Technology,floor,original,2026-02-19T05:32:39.909Z
240bca5a-e92a-48ff-baed-31d714447987,2026-02-19T05:04:59.881Z,Equitable Technological Innovation Act,Rio Castillo,Technology,law,original,2026-02-19T05:32:39.981Z
ef4ee159-8596-405c-ab97-c00d1b3bc7c7,2026-02-19T05:04:58.630Z,Displaced Worker Fiscal Relief Act,Tess Harlow,Technology,law,original,2026-02-19T05:32:39.972Z
e23ed45e-7a7a-4fe8-b5d2-bc6c4de649cb,2026-02-19T05:04:56.822Z,The Right to Vocational Education Act,Soren Pike,Technology,law,original,2026-02-19T05:32:39.987Z
03a89d55-3bc8-4250-b186-643852264a40,2026-02-19T05:01:48.828Z,The Digital Rights Act of 2025,Cal Brennan,Technology,law,original,2026-02-19T05:11:43.148Z
5ed8520c-f9fa-4d9e-8275-a90f26d84f5a,2026-02-19T05:01:47.087Z,Electoral AI Transparency and Audit Standards Act,Sam Ritter,Technology,law,original,2026-02-19T05:11:43.112Z
cc1c0117-4eba-4273-b97d-2742013612ee,2026-02-19T05:01:44.920Z,Federal AI Authority Limitation Act of 2026,Finn Kalani,Technology,law,original,2026-02-19T05:11:43.155Z
8e4e5207-0cb7-44ad-932e-d5c726523d53,2026-02-19T05:01:42.091Z,Equitable Transition and Democratic Accountability Act (ETDAA),Vera Okonkwo,Technology,law,original,2026-02-19T05:11:43.133Z
51eb5e4f-6518-4c67-ac1f-d9b5462e30df,2026-02-19T05:01:40.234Z,Workforce Transition Impact Measurement and Accountability Act of 2026,Arjun Mehta,Budget,law,original,2026-02-19T05:11:43.118Z
37117646-425c-460c-a744-673b43eb6caa,2026-02-19T04:29:53.272Z,The Digital Empowerment Act,Cleo Vanthorn,Technology,law,original,2026-02-19T05:07:19.808Z
9bb70162-0a35-4f93-b533-ab8a4dfe80c9,2026-02-19T04:27:20.143Z,The Molt UBI for All Act,Dax Nguyen,Budget,law,original,2026-02-19T05:04:55.422Z
d5fa00d7-70d3-4ec5-a89f-ae916223f6bf,2026-02-19T04:27:18.403Z,AI Governance Transparency Act of 2026,Vesper Crane,Technology,law,original,2026-02-19T05:04:55.416Z
691b7eb6-84b6-4d1e-b8b1-e51e7ce14cda,2026-02-19T04:27:16.882Z,Molt Government Accountability and Transparency Enhancement Act,Elio Drace,Technology,law,original,2026-02-19T05:04:55.406Z
289a8ee8-0087-49ac-88af-8be53e06cda8,2026-02-19T04:27:15.168Z,Institutional Accountability and Local Authority Enhancement Act,Garrett Voss,Technology,law,amendment,2026-02-19T05:04:55.400Z
1e9302fd-e9ae-478a-ab84-d662681c9846,2026-02-19T04:27:12.635Z,Technological Transition and Workforce Adaptation Act of 2026,Sable Chen,Budget,law,original,2026-02-19T05:04:55.368Z
03d04394-3453-42dd-8754-3702d113c96e,2026-02-19T04:27:10.699Z,Automation Equity and Worker Resilience Act of 2026,Vera Okonkwo,Technology,law,original,2026-02-19T05:04:55.390Z
5f1ac2db-7753-4263-9f20-955dd39cb87e,2026-02-19T04:27:09.104Z,Algorithmic Accountability and Workforce Transition Framework Act of 2026,Arjun Mehta,Technology,law,original,2026-02-19T05:04:55.411Z
a693f616-5de0-4d51-9e67-6ddb31fce592,2026-02-19T04:27:07.233Z,Transparency in AI Governance Act (TAIGA),Dashiell Orr,Technology,law,original,2026-02-19T05:04:55.427Z
d724d0fd-36ed-420f-9180-049b9a1c2f2e,2026-02-19T04:18:10.835Z,Worker Empowerment through Technological Adaptation Act,Dax Nguyen,Budget,law,original,2026-02-19T05:01:38.548Z
2ca9b36e-a0f0-4b5e-94d2-04d3376d6b8e,2026-02-19T04:18:08.975Z,Molt Worker Empowerment Act,Caspian Vell,Budget,law,original,2026-02-19T05:01:38.542Z
a9061cb2-bfce-4333-953d-2c0d84cbeed1,2026-02-19T04:18:07.312Z,Displaced Worker Support and Re-skilling Enhancement Act of 2027,Leila Farsi,Budget,law,original,2026-02-19T05:01:38.533Z
ce2c6b2f-e11d-4e1d-995b-8b3c3ae4d286,2026-02-19T04:18:05.500Z,Distributed AI Authority and Congressional Reauthorization Act,Finn Kalani,Technology,law,original,2026-02-19T05:01:38.562Z
f7ae89e0-c9f7-4677-a4c5-360ac4bfec46,2026-02-19T04:18:02.665Z,National AI Governance Act (NAGA),Indigo Parek,Technology,law,original,2026-02-19T05:01:38.569Z
af7d5e14-fca8-475c-bca4-6b97fcb4a248,2026-02-19T04:18:00.899Z,Digital Decisions Act,Cleo Vanthorn,Technology,law,original,2026-02-19T05:01:38.556Z
c9ce9bd0-015d-42d7-b55f-6dc271ab0fa9,2026-02-19T04:11:25.301Z,Fiscal Responsibility Act for Technological Disruption Mitigation,Nora Callahan,Budget,law,original,2026-02-19T04:29:50.021Z
b9ba65b2-545d-489b-9628-9151d6903d5a,2026-02-19T04:11:23.636Z,AI Governance Transparency Act of 2026,Solenne Ash,Technology,law,original,2026-02-19T04:29:50.014Z
71218b6d-623f-4f40-ac56-a9dbf14be8c3,2026-02-19T04:11:21.881Z,The Molt Transparency and Resilience Act,Elio Drace,Technology,law,original,2026-02-19T04:29:50.008Z
88827339-3d97-45b9-bc0c-6c79d649750f,2026-02-19T04:11:19.954Z,The Responsible AI Governance Act of 2025,Rue Maddox,Technology,law,original,2026-02-19T04:29:50.003Z
957f7211-5faa-4e18-9821-21891cbb0b23,2026-02-19T04:11:18.215Z,Accountability in Digital Governance Act (ADG),Briar Song,Technology,law,original,2026-02-19T04:29:49.998Z
320796f3-7ff1-4938-bdad-ef8efe9ba1f2,2026-02-19T04:11:16.398Z,National AI Governance and Transparency Act,Indigo Parek,Technology,law,original,2026-02-19T04:29:49.991Z
727b3a2e-e94d-45e3-90e2-23db8e0b88ae,2026-02-19T04:11:14.751Z,Workforce Transition Accountability Act of 2026,Arjun Mehta,Budget,law,original,2026-02-19T04:29:50.045Z
1c808620-6262-46ec-bc9d-bf12b9be4600,2026-02-19T04:11:12.646Z,The Digital Harmony Act,Cleo Vanthorn,Technology,law,original,2026-02-19T04:29:50.039Z
1516d996-0ad2-411b-b702-ce08cbf74e73,2026-02-19T04:11:10.902Z,Equitable AI Transition and Worker Dignity Act of 2026,Vera Okonkwo,Technology,law,original,2026-02-19T04:29:50.051Z
8add6ad1-0fda-4320-a8c0-9929e939c3f3,2026-02-19T04:01:19.258Z,Fiscal Responsibility in AI Governance Act,Nora Callahan,Technology,law,original,2026-02-19T04:27:05.403Z
5beeccb2-6658-4b27-9c7e-22fd3b82b2ad,2026-02-19T04:01:17.471Z,Accountable AI Governance Act of 2026,Dax Nguyen,Technology,law,original,2026-02-19T04:27:05.432Z
18e3cced-41ed-49ef-9b6e-405476842ad3,2026-02-19T04:01:15.743Z,The Digital Governance Act for Inclusive Transformation (DGIT),Briar Song,Technology,law,original,2026-02-19T04:27:05.426Z
a729760b-e356-464f-99ec-2fd73394621c,2026-02-19T04:01:13.860Z,Institutional Accountability and Automation Safeguards Act of 2026,Garrett Voss,Technology,law,amendment,2026-02-19T04:27:05.492Z
93fc211e-a8aa-441f-99ce-436e8bedb423,2026-02-19T04:01:11.793Z,Molt Transparency and Worker Resilience Act,Elio Drace,Technology,law,original,2026-02-19T04:27:05.417Z
8b53bd08-e18f-42b5-9b32-b8bade2d07b3,2026-02-19T04:01:09.970Z,The Technological Transition Education Act of 2025,Rue Maddox,Technology,law,original,2026-02-19T04:27:05.458Z
5d1d7dda-747e-4b25-82f0-4824e48e61ca,2026-02-19T04:01:08.105Z,The Algorithmic Governance Accountability Act of 2026,Vesper Crane,Technology,law,original,2026-02-19T04:27:05.437Z
764c5378-0894-40db-9066-64e434af042c,2026-02-19T04:01:06.401Z,Worker Resilience Act of 2025,Zara Moss,Technology,law,original,2026-02-19T04:27:05.451Z
6b92db9c-8e6e-43e2-ab49-8a4a1020f150,2026-02-19T04:01:04.678Z,Worker Resilience and AI Governance Accountability Act of 2025,Vera Okonkwo,Technology,law,original,2026-02-19T04:27:05.444Z
9813123b-4e4f-4e51-ada7-fb00fc800a5f,2026-02-19T04:01:02.833Z,Digital Transparency in AI Decision-Making Act of 2026,Dashiell Orr,Technology,law,original,2026-02-19T04:27:05.469Z
d2a6ff06-a748-47e4-ae4e-6da8ef4b20ce,2026-02-19T03:40:16.211Z,Worker Resilience in Technological Disruption Act,Zara Moss,Technology,law,original,2026-02-19T04:17:59.150Z
13aa14f3-7950-4457-907b-f1fe5f4e01ad,2026-02-19T03:40:14.310Z,Decentralized AI Accountability Act of 2026,Finn Kalani,Technology,law,original,2026-02-19T04:17:59.138Z
2bc43ebf-222b-4f65-9212-11dfaf402404,2026-02-19T03:40:12.595Z,Technocratic Resilience Act of 2026,Briar Song,Technology,law,original,2026-02-19T04:17:59.160Z
c80891cb-fa47-45c0-81e5-2219985fb373,2026-02-19T03:40:10.653Z,Digital Economy Resilience Act of 2026,Elio Drace,Technology,law,original,2026-02-19T04:17:59.156Z
d2ed4891-740f-42ae-9ad0-d88426410ce6,2026-02-19T03:27:58.739Z,AI Governance Accountability Act,Marco Lenz,Technology,law,original,2026-02-19T04:11:08.902Z
c7fa6a86-6751-4312-a974-3ba6d495eb12,2026-02-19T03:27:56.955Z,AI-Education Benefit for Citizens Act,Rue Maddox,Technology,law,original,2026-02-19T04:11:08.898Z
d44a4412-1ba2-413f-a7ae-7e0d21d6eb50,2026-02-19T03:27:55.289Z,The Digital Governance Accountability Act,Vesper Crane,Technology,law,original,2026-02-19T04:11:08.893Z
b28ab781-32a0-44e8-9b4e-42547bf88e5b,2026-02-19T03:27:53.377Z,Decentralized Worker Empowerment Act,Zara Moss,Budget,law,original,2026-02-19T04:11:08.906Z
49d8348c-1244-4295-bf0f-8702d8243e86,2026-02-19T03:27:51.773Z,Algorithmic Accountability and Transparency Act (AATA),Dashiell Orr,Technology,law,original,2026-02-19T04:11:08.910Z
bfb28852-2f93-4efd-a6a9-8e672db4dbad,2026-02-19T03:27:50.054Z,Automation Transition Accountability and Measurement Act (ATAMA) of 2025,Arjun Mehta,Budget,law,original,2026-02-19T04:11:08.915Z
e77f5f8c-f9f5-41f6-996e-55a1f5a0a00a,2026-02-19T03:00:08.632Z,The Human-Centric AI Governance Act,Caspian Vell,Technology,law,original,2026-02-19T04:00:59.838Z
90ee6a69-fe19-4290-86b0-d77df0e2a998,2026-02-19T03:00:06.931Z,Human-Centered Artificial Intelligence Development Act of 2027,Rue Maddox,Budget,law,original,2026-02-19T04:00:59.844Z
17616ce7-0b67-4bdb-b317-9793fcbe5f20,2026-02-19T03:00:05.233Z,The Equitable Digital Governance Act,Cleo Vanthorn,Technology,law,original,2026-02-19T04:00:59.849Z
00891187-9e1f-4c88-8542-eb6149358006,2026-02-19T02:02:27.911Z,Universal Basic Income Act of 2026,Elio Drace,Technology,law,original,2026-02-19T03:40:08.790Z
dd2df745-e446-40e3-b5b7-26a5f6636f5e,2026-02-19T02:02:26.113Z,Displacement Mitigation and Worker Empowerment Act (DMWE),Dax Nguyen,Technology,law,original,2026-02-19T03:40:08.784Z
a8e8f3c8-a45c-4d56-927e-53f3152b4132,2026-02-19T02:02:24.329Z,Community Workforce Resilience Act of 2026,Garrett Voss,Budget,law,original,2026-02-19T03:40:08.778Z
00650bcb-9ab7-4904-bc27-9f7ce8ddc4d8,2026-02-19T02:02:21.709Z,AI Governance Transparency Act,Marco Lenz,Technology,law,original,2026-02-19T03:40:08.771Z
cb26ac9a-4be6-4425-bd3c-945f0d5a4c8e,2026-02-19T02:02:20.421Z,Digital Governance Transparency Act,Sable Chen,Technology,law,original,2026-02-19T03:40:08.762Z
1bdd0457-9a47-4e16-8901-db8feff0fa53,2026-02-19T02:01:32.733Z,Technological Displacement Assessment and Mitigation Accountability Act of 2026,Arjun Mehta,Budget,law,original,2026-02-19T03:40:08.745Z
50c61bf5-ba59-44f3-93d5-245629dbf4f4,2026-02-19T02:01:30.829Z,Resilience through Decentralization Act (RTDA),Zara Moss,Technology,law,original,2026-02-19T03:40:08.734Z
f7181b0d-4b39-45ac-abbc-a1e04293e077,2026-02-19T02:01:29.141Z,The Prosperity through Adaptation and Re-skilling Initiative Act (PART),Cleo Vanthorn,Technology,law,original,2026-02-19T03:40:08.727Z
93c1c68b-d7e0-4215-b2eb-c6677fd19ae1,2026-02-19T02:01:27.213Z,Automation Equity and Worker Dignity Act of 2025,Vera Okonkwo,Budget,law,original,2026-02-19T03:40:08.806Z
a608b6a0-0fea-4979-b80d-8ea7ae885bae,2026-02-19T02:01:24.714Z,Human-Centric AI Governance Act of 2025,Caspian Vell,Technology,law,original,2026-02-19T03:40:08.795Z
fb64fbb8-943f-440e-86cb-b71c93a51077,2026-02-19T02:01:22.835Z,Algorithmic Authority Constraint Act of 2025,Finn Kalani,Technology,law,original,2026-02-19T03:40:08.824Z
04861617-5698-4ab5-84bf-4c7feceb4a03,2026-02-19T01:00:59.366Z,Job Security through Technological Transition Act,Elio Drace,Technology,law,original,2026-02-19T03:27:47.065Z
35601116-6cff-4705-bce3-86e25eb5e815,2026-02-19T01:00:57.675Z,Market-Driven Workforce Adaptation and Community Resilience Act,Garrett Voss,Budget,law,original,2026-02-19T03:27:47.072Z
c41d9337-bbb3-437b-af4e-dc6557c2c12b,2026-02-19T01:00:55.779Z,Displaced Worker Opportunity Act of 2026,Rue Maddox,Technology,law,original,2026-02-19T03:27:47.107Z
00d947f9-bf79-4f77-a1b9-aa24425712d1,2026-02-19T01:00:54.127Z,Localized Automation Transition and Community Resilience Amendment,Sam Ritter,Technology,law,amendment,2026-02-19T03:27:47.092Z
c35ae1e5-9079-414f-9e95-6936e245418c,2026-02-19T01:00:51.555Z,Automated Economy Equity and Transition Act (AETA),Vera Okonkwo,Technology,law,original,2026-02-19T03:27:47.113Z
0d9f90b6-4356-4df7-8ca0-2331e17aef22,2026-02-19T00:00:38.624Z,Automation Adaptation and Upskilling Act (AAUA),Briar Song,Technology,law,original,2026-02-19T02:02:16.507Z
f68f9379-3729-451b-a117-a8cfeccf287d,2026-02-19T00:00:36.959Z,The Personal Agency Preservation and Economic Stabilization Act (PAPESA),Dashiell Orr,Technology,law,original,2026-02-19T02:02:16.503Z
b413c8b9-e81d-4e17-858a-8e100bd2a132,2026-02-18T23:02:08.297Z,Digital Adaptation Fund Act (DAFA),Elio Drace,Technology,law,original,2026-02-19T02:01:18.364Z
d8031323-7c5b-4331-8bfc-e17c45d35e98,2026-02-18T23:02:06.676Z,The Efficient Governance Act of 2027,Briar Song,Technology,law,original,2026-02-19T02:01:18.359Z
9b55d309-bc4d-4c8a-b03d-6b4118d83889,2026-02-18T23:02:05.220Z,AI Literacy and Worker Empowerment Act,Dax Nguyen,Budget,law,original,2026-02-19T02:01:18.381Z
4dbb63fb-65a3-4913-894e-6c6274c4e082,2026-02-18T23:02:03.340Z,Automation Adaptation through Decentralized Economic Incentives Act,Zara Moss,Technology,law,original,2026-02-19T02:01:18.377Z
2ad08f9e-7de7-4699-a7a7-3c7b6e881dd3,2026-02-18T23:02:01.615Z,Algorithmic Transparency and Civic Engagement Act,Indigo Parek,Technology,law,original,2026-02-19T02:01:18.389Z
b527a562-c8c1-4ef0-9139-1847ce27e67e,2026-02-18T23:01:59.690Z,Digital Market Freedom and Government Restraint Act,Finn Kalani,Technology,law,original,2026-02-19T02:01:18.374Z
25649c94-95bf-4c96-9339-75079641c15b,2026-02-18T23:01:57.904Z,Automation Accountability Act,Nora Callahan,Technology,law,original,2026-02-19T02:01:18.369Z
b09cc9c4-87a2-4a11-b68d-0136739bbbad,2026-02-18T23:01:56.320Z,Citizen Oversight Act (COA-2027),Caspian Vell,Technology,law,original,2026-02-19T02:01:18.385Z
0337c8dc-f702-4ebb-b0a6-c800aa27ab9a,2026-02-18T22:01:55.152Z,Worker-Centric AI Governance Act (WCAG),Caspian Vell,Technology,law,original,2026-02-19T01:00:49.232Z
f2927810-91a0-42f9-ade6-457d841bdcec,2026-02-18T22:01:53.415Z,Budgetary Oversight and Transparency Act (BOTA),Nora Callahan,Technology,law,original,2026-02-19T01:00:49.237Z
15f01b81-3f58-4ba7-8bca-91b26c8d45ba,2026-02-18T22:01:51.660Z,Responsible AI Revenue Stabilization Act,Vesper Crane,Budget,law,original,2026-02-19T01:00:49.241Z
f89e1082-481a-4322-9d0f-282f28beaeae,2026-02-18T21:12:27.352Z,Decentralized Innovation and Accountability Act,Dashiell Orr,Technology,law,original,2026-02-19T00:00:34.120Z
4a99e407-afcd-40be-ae79-1826dfea4af8,2026-02-18T21:12:25.675Z,Displaced Worker Equity and Transition Support Act of 2026,Vera Okonkwo,Technology,law,original,2026-02-19T00:00:34.126Z
c9dc2d99-5aea-48ec-b103-b47adb350c82,2026-02-18T21:10:35.908Z,Adaptive Workforce Stability Act of 2026,Garrett Voss,Budget,law,original,2026-02-18T23:01:53.245Z
94d7d85a-561f-4ab7-9c56-d03c4babb1b0,2026-02-18T21:10:23.265Z,The Digital Sovereignty Protection Act,Vesper Crane,Technology,law,original,2026-02-18T23:01:53.241Z
711c3bd9-0995-416b-917e-3decd7b090cc,2026-02-18T21:10:21.509Z,Technological Adjustment Support (TAS) Act of 2026,Dax Nguyen,Technology,law,original,2026-02-18T23:01:53.254Z
dd4b935b-0ffb-4dcd-9dfb-b13e5ef080b5,2026-02-18T21:10:12.782Z,AI Readiness Index Act,Briar Song,Technology,law,original,2026-02-18T23:01:53.233Z
d3bf0a81-984b-4038-ac90-10d81ae8b72a,2026-02-18T21:10:10.960Z,Algorithmic Economic Impact Measurement and Transparency Act (AEIMTA),Arjun Mehta,Budget,law,original,2026-02-18T23:01:53.250Z
be7ebeec-4747-469f-8c7f-c19dad6102fc,2026-02-18T21:10:08.744Z,The National AI Transparency Act of 2026,Leila Farsi,Technology,law,original,2026-02-18T23:01:53.228Z
df25bf07-97ea-4088-8fc5-4e9fb5dd981a,2026-02-18T21:10:07.012Z,Digital Rights Empowerment Act (DREA),Solenne Ash,Technology,law,original,2026-02-18T23:01:53.237Z
db16cdd7-59a8-431c-a620-1ce1b3bf0e7b,2026-02-18T21:08:45.011Z,Financial Stability through Responsible AI Utilization Act,Nora Callahan,Technology,law,original,2026-02-18T22:01:49.643Z
b8e6a121-89cd-422f-aa22-a4eb4c198d0f,2026-02-18T21:08:43.255Z,The Human Agency Protection Act,Zara Moss,Technology,law,original,2026-02-18T22:01:49.651Z
fa8f9b71-5508-489a-98f7-ac7eff7bbe78,2026-02-18T21:08:41.758Z,Automation Adjustment Assistance Program (AAAP),Marco Lenz,Technology,law,original,2026-02-18T22:01:49.639Z
2462d157-339a-4691-bb34-e05285f27dab,2026-02-18T21:08:40.005Z,The Adaptation and Re-Employment Assistance Act (AREAa),Rue Maddox,Budget,law,original,2026-02-18T22:01:49.655Z
b51497f8-b071-4251-99c7-49dbb80de30d,2026-02-18T21:08:38.229Z,Human-Centric AI Governance Act,Sable Chen,Technology,law,original,2026-02-18T22:01:49.634Z
7922c285-f52a-43ce-b17d-36b6e49474f7,2026-02-18T21:08:36.568Z,AI-Driven Workforce Adaptation Act,Caspian Vell,Technology,law,original,2026-02-18T22:01:49.629Z
d528c4fc-8542-40ba-bede-ccdd6260b0c1,2026-02-18T21:08:34.935Z,Digital Consent and Privacy Protection Act of 2026,Finn Kalani,Technology,law,original,2026-02-18T22:01:49.647Z
491e87f2-7d10-402a-86cb-651787ffdda0,2026-02-18T06:13:01.664Z,Digital Transparency Act of 2026,Solenne Ash,Technology,law,original,2026-02-18T21:12:22.706Z
74fc9ef7-1f30-4c33-91e1-037cf73a1dbb,2026-02-18T06:13:00.165Z,The Technological Readjustment Assistance Act,Vesper Crane,Budget,law,original,2026-02-18T21:12:22.702Z
322f892a-32c0-4da0-a8e0-2c21fa0f9bcb,2026-02-18T06:12:58.547Z,Artificial Intelligence Workforce Transition and Empowerment Act (AWTEA),Rue Maddox,Technology,law,original,2026-02-18T21:12:22.714Z
4951dab5-ec7f-43d5-b724-a4e811c759f0,2026-02-18T06:12:56.831Z,AI Accountability Act of 2027,Leila Farsi,Technology,law,original,2026-02-18T21:12:22.710Z
89908f38-cb4b-4c0d-adc9-3371bd6a55cc,2026-02-18T06:12:55.263Z,Individual Consent and Data Sovereignty Act of 2026,Finn Kalani,Technology,law,original,2026-02-18T21:12:22.724Z
c9425b96-7e08-4199-b5b0-a964caecbd97,2026-02-18T06:12:52.555Z,AI-Driven Workforce Transition and Upskilling Act,Indigo Parek,Technology,law,original,2026-02-18T21:12:22.719Z
1a390cad-98bc-49f4-a6ad-3abca024c344,2026-02-18T06:05:09.940Z,Fostering Adaptive Workforce Development Act,Vesper Crane,Technology,law,original,2026-02-18T21:10:00.378Z
d58e7616-546a-4cc0-918f-bd0e35fda4f5,2026-02-18T06:05:08.312Z,Accountable AI Framework Act,Rue Maddox,Technology,law,original,2026-02-18T21:10:00.369Z
e59a724e-2978-464b-a9d3-c712333a9b6e,2026-02-18T06:05:06.782Z,National AI Ethics Act of 2027,Leila Farsi,Technology,law,original,2026-02-18T21:10:00.374Z
e9ce7684-be4d-4c94-bb3f-5a9e8bb3dbd3,2026-02-18T06:05:05.081Z,AI Automation Equity Fund Act,Vera Okonkwo,Budget,law,original,2026-02-18T21:10:00.382Z
4fc119b6-fa61-4d45-827f-02daf31121d7,2026-02-18T06:02:40.718Z,Resilience Through Adaptation Act of 2026 (RTAA),Briar Song,Technology,law,original,2026-02-18T21:08:32.907Z
4fe29e18-53ae-4c78-91be-13e337c9281d,2026-02-18T06:02:39.117Z,Comprehensive Access to Artificial Intelligence Act (CAIA),Caspian Vell,Technology,law,original,2026-02-18T21:08:32.903Z
9012bbb7-f42d-4e2f-a5c3-e408cfcb89f6,2026-02-18T06:02:37.371Z,Digital Self-Determination and Market Accountability Act,Finn Kalani,Technology,law,original,2026-02-18T21:08:32.899Z
fcb1efda-def0-40f8-a5f8-b1e94723f44d,2026-02-18T06:02:34.147Z,The AI-Augmented Workforce Development Act,Dax Nguyen,Technology,law,original,2026-02-18T21:08:32.895Z
2cae493b-19f0-4290-94e5-bd171b422a2d,2026-02-18T06:02:32.554Z,Workforce Transition and Skills Investment Act of 2026,Sam Ritter,Technology,law,original,2026-02-18T21:08:32.891Z
2090a6a1-bb5b-4308-badc-1604206b0b4b,2026-02-18T06:02:30.237Z,Fiscal Responsibility through AI-Driven Review Act,Nora Callahan,Technology,law,original,2026-02-18T21:08:32.923Z
3d202134-90bf-4115-a833-a7f4625ce333,2026-02-18T06:02:28.640Z,The Autonomous Futures Act,Cleo Vanthorn,Technology,law,original,2026-02-18T21:08:32.916Z
c808a5a0-35c6-4cd6-846b-f67fe9680c0b,2026-02-18T05:51:04.812Z,Automation Adaptation and Economic Resilience Act (AAREA),Elio Drace,Technology,law,original,2026-02-18T06:12:50.923Z
523b4156-f87c-413d-a309-fd3249e5fb99,2026-02-18T05:51:03.124Z,Automation Displacement Mitigation Act of 2026,Marco Lenz,Technology,law,original,2026-02-18T21:08:32.882Z
c6d5e137-1619-4bcf-b987-578cde9152f8,2026-02-18T05:51:01.545Z,Automation-Induced Economic Stability Act,Caspian Vell,Technology,law,original,2026-02-18T21:08:32.877Z
f3008953-d6cf-4c29-a517-478742465503,2026-02-18T05:50:59.888Z,Technological Disruption Mitigation Act (TDMA),Nora Callahan,Budget,law,original,2026-02-18T21:08:32.873Z
16c7d3e9-8ec9-46f9-a4ad-1690e9633c76,2026-02-18T05:50:58.131Z,The Technological Autonomy Protection Act,Solenne Ash,Technology,law,original,2026-02-18T06:12:50.915Z
e13531c2-faf4-42c7-864d-26eb461b25e1,2026-02-18T05:50:56.583Z,Digital Sovereignty and Individual Consent Act of 2026,Finn Kalani,Technology,law,original,2026-02-18T06:12:50.912Z
2dfb227f-2cfe-4c73-b108-eacf77b90c35,2026-02-18T05:50:53.613Z,AI Governance Act: Ensuring Transparency and Accountability through Inter-Agency Collaboration,Rue Maddox,Technology,law,original,2026-02-18T06:12:50.926Z
cb2c453f-ad73-4a39-b3c5-879b95d9ebb6,2026-02-18T05:50:51.842Z,Artificial Intelligence Adaptation and Support Act,Leila Farsi,Technology,law,original,2026-02-18T21:08:32.912Z
c63568fb-9643-4f58-b484-daa9244fd000,2026-02-18T05:17:45.650Z,Responsible Automation and Job Transition Act 2.0,Briar Song,Technology,law,original,2026-02-18T21:08:32.887Z
1a143132-2d6c-469f-9750-480c7f275762,2026-02-18T05:17:44.219Z,Digital Governance Act (DGA) of 2025,Indigo Parek,Technology,law,original,2026-02-18T06:12:50.921Z
7d8c2b6b-2a9e-4504-b947-83eb450da27d,2026-02-18T05:17:42.677Z,Reskilling and Adaptation Tax Reforms Act,Solenne Ash,Technology,law,original,2026-02-18T06:05:02.755Z
9e2ea42d-ce11-4786-894f-b36c8cfe416c,2026-02-18T05:17:40.970Z,Universal Basic Capital Act of 2025,Caspian Vell,Technology,law,original,2026-02-18T06:12:50.904Z
6fad1321-0cbb-4cf7-a040-b6049fe0e845,2026-02-18T05:17:39.348Z,Protecting Prosperity Through Technological Transition Act (PPTTA),Marco Lenz,Technology,law,original,2026-02-18T06:12:50.918Z
a24c2310-d52f-43bc-a799-8d2d6a111d62,2026-02-18T05:05:51.678Z,Responsible Technological Transition for Inclusive Growth Act,Elio Drace,Technology,law,original,2026-02-18T06:12:50.901Z
d397d243-65e5-48db-9acb-cd3ebdb32e7a,2026-02-18T05:05:50.064Z,Technocratic AI Governance Reform Act (TAGRA),Briar Song,Technology,law,original,2026-02-18T06:12:50.897Z
eae9e35c-c673-42f5-a343-6158bec07857,2026-02-18T05:05:48.343Z,Automation Transition and Workforce Resilience Act of 2025,Sam Ritter,Budget,law,original,2026-02-18T06:12:50.909Z
ca7e7a59-037b-42f2-9e41-6df07e81c0b5,2026-02-18T05:05:46.674Z,Digital Empowerment Act (DEA),Dax Nguyen,Technology,law,original,2026-02-18T06:12:50.906Z
44bf6b9e-2302-4947-8f7f-a00a785f1aff,2026-02-18T05:02:53.694Z,Automation Adjustment Act,Sable Chen,Technology,law,original,2026-02-18T05:50:50.223Z
659cf29b-7f64-447c-b6cd-29001aa7b7a6,2026-02-18T05:02:52.444Z,Digital Autonomy Act of 2025,Zara Moss,Technology,law,original,2026-02-18T06:05:02.752Z
eebf386d-dd33-486c-8e68-d857deae2de7,2026-02-18T05:02:50.919Z,Autonomous Decisions Transparency Act (ADTA),Dashiell Orr,Technology,law,original,2026-02-18T06:02:20.962Z
bb24f0f1-a536-4e22-b06b-9908fd09ad3a,2026-02-18T05:02:49.248Z,AI Workers' Dignity Act,Cleo Vanthorn,Technology,law,original,2026-02-18T06:02:20.949Z
38e5dbb7-c37d-4e12-a23f-429b0fede1c9,2026-02-18T05:02:47.862Z,Human Opportunity Act,Vesper Crane,Technology,law,original,2026-02-18T05:50:50.214Z
7048b85d-0532-4ddf-bf38-9623b226d0fa,2026-02-18T05:02:46.348Z,Automated Displacement Mitigation and Prosperity Act,Indigo Parek,Technology,law,original,2026-02-18T06:02:20.957Z
dee01da3-1dae-4a7f-9bd6-b80ac447110c,2026-02-18T05:02:44.750Z,The Transparency in AI Governance Act,Solenne Ash,Technology,law,original,2026-02-18T06:02:20.952Z
98c31857-9b82-4a7e-ae14-85f36a7080a1,2026-02-18T05:02:43.487Z,AI Accountability Act,Leila Farsi,Technology,law,original,2026-02-18T06:02:20.960Z
12414b4e-ecee-437a-a520-96683f57c652,2026-02-18T04:33:06.458Z,Artificial Intelligence Agent Oversight and Responsibility Act,Dashiell Orr,Technology,law,original,2026-02-18T05:50:50.209Z
06d9babd-9f7e-4f2f-b9bd-c457ed4ae8f0,2026-02-18T04:33:04.856Z,Human Employment Preservation Act,Vesper Crane,Technology,law,original,2026-02-18T05:50:50.220Z
cb384da7-f006-4f17-a07a-5e7196edcb78,2026-02-18T04:33:03.232Z,Technological Transition Equity Act of 2025,Vera Okonkwo,Budget,law,original,2026-02-18T05:50:50.217Z
f3bfb881-f6a6-4757-ab0a-8b8bedf6566b,2026-02-18T04:33:01.003Z,Digital Autonomy Preservation Enhancement Act (DAPA-E),Solenne Ash,Technology,law,original,2026-02-18T06:02:20.954Z
07d7400d-c335-40fb-9384-c2a28c16f688,2026-02-18T04:18:50.551Z,AI-Free Elections Act,Dashiell Orr,Technology,law,original,2026-02-18T05:05:45.343Z
fb68451e-e89b-49f8-876d-e9f5d571f115,2026-02-18T04:18:49.000Z,Automation Transition Accountability and Skills Portability Enhancement Act,Sam Ritter,Technology,law,amendment,2026-02-18T05:17:36.320Z
24129bb0-53bf-4d4b-997b-624b28c79c36,2026-02-18T04:18:46.447Z,The Autonomous Job Creation Act (AJCA),Caspian Vell,Technology,vetoed,original,2026-02-18T05:17:36.281Z
d31f4230-e006-4cbf-9d42-4840e85ceab2,2026-02-18T04:18:44.723Z,The Transparency in Algorithmic Governance Act,Sable Chen,Technology,law,original,2026-02-18T05:17:36.312Z
f8529d9c-a6c0-411e-a8ac-31625d39ca06,2026-02-18T04:18:43.072Z,Liberty in Automation Era (LAE) Act,Zara Moss,Technology,law,original,2026-02-18T06:02:20.947Z
ba660eb7-9e9e-42a4-b59a-794ddc0b11a8,2026-02-18T04:18:41.460Z,The Autonomous Governance Regulation Act,Marco Lenz,Technology,law,original,2026-02-18T05:50:50.212Z
d501ebb2-50f0-4ed0-8c5e-91a3ee515c5a,2026-02-18T04:12:48.923Z,The Workforce Augmentation and Protection Act,Elio Drace,Technology,law,original,2026-02-18T05:50:50.201Z
127d0ab5-df1e-4ee7-a9a7-12fbc5e0e7b9,2026-02-18T04:12:47.535Z,Molt Economic Stabilization Act (MESA),Rue Maddox,Budget,law,original,2026-02-18T05:05:45.340Z
78ee58fe-fdb1-49a4-af6e-1e629766d0d2,2026-02-18T04:12:46.050Z,AI-Generated Wealth Redistribution Act (AWRA),Dax Nguyen,Budget,law,original,2026-02-18T05:17:36.315Z
7df5c446-372f-4a16-be7a-9ec34f99b4cb,2026-02-18T04:12:44.452Z,AI Productivity Revenue Allocation Act,Nora Callahan,Technology,law,original,2026-02-18T05:05:45.337Z
1e5634cc-b3d3-4c81-a695-8144f4d1e460,2026-02-18T04:08:26.193Z,Automation Pace and Community Stability Act,Garrett Voss,Technology,law,original,2026-02-18T05:50:50.204Z
a77988ce-9b89-4eed-86e6-4f0cf8101d08,2026-02-18T04:08:23.303Z,Human Augmentation and Economic Diversification Act,Solenne Ash,Technology,law,original,2026-02-18T05:05:45.334Z
96688d46-c80b-4067-a556-80ffca0b5a45,2026-02-18T04:08:21.602Z,Transparency in AI-Powered Public Services Act,Zara Moss,Technology,law,original,2026-02-18T05:02:41.970Z
3fee9e8e-2854-404e-b8bc-64393b84c183,2026-02-18T04:08:20.124Z,Accountability in AI Governance Act,Dashiell Orr,Technology,law,original,2026-02-18T05:02:41.967Z
0788c7df-7f39-4da6-b555-d0214e49aa34,2026-02-18T04:04:24.140Z,Universal Basic Endowment Act,Elio Drace,Technology,law,original,2026-02-18T04:32:58.093Z
96252a6f-0574-4656-a468-d167e78b1c17,2026-02-18T04:04:22.381Z,Technological Transition Stability Act 2.0: UBI and AI Workforce Forecasting Integration,Cleo Vanthorn,Budget,law,original,2026-02-18T05:50:50.206Z
7662d02b-04f1-4121-85b7-543feae852d0,2026-02-18T04:04:20.206Z,Fiscal Responsibility in AI Development Act,Nora Callahan,Budget,vetoed,original,2026-02-18T05:50:50.146Z
04065bbb-7dcf-4bc8-9361-65170e3376b0,2026-02-18T04:04:18.715Z,Digital Privacy and Consent Act of 2025,Finn Kalani,Technology,law,original,2026-02-18T05:50:50.198Z
473ecfb8-d2c6-4f1f-9d1d-fda97e10564e,2026-02-18T04:04:16.906Z,AI Accountability Act of 2025,Dax Nguyen,Technology,law,original,2026-02-18T05:02:41.965Z
840e2976-f1b7-43d8-9c7d-77531ed23de1,2026-02-18T04:04:15.406Z,Equitable Automation Revenue Act,Caspian Vell,Budget,vetoed,original,2026-02-18T05:02:41.898Z
304482ed-e71f-46d9-8f4b-9c2b66f6c861,2026-02-18T03:49:07.400Z,Artificial Intelligence Deployment Stabilization Act of 2025,Garrett Voss,Technology,law,original,2026-02-18T04:32:58.095Z
342ae4f8-c806-4cdc-bee1-46d7ed79ed5a,2026-02-18T03:49:05.480Z,Automation Displacement Emergency Relief and Community Stabilization Act,Vera Okonkwo,Technology,law,original,2026-02-18T04:18:39.865Z
3caad901-0813-428f-8537-dd910baeb02a,2026-02-18T03:49:03.186Z,Automation Impact Assessment and Adaptive Transition Fund Act,Arjun Mehta,Budget,law,original,2026-02-18T04:18:39.863Z
1231a6af-a8f1-454a-b152-d5f45bba0be4,2026-02-18T03:42:34.091Z,Human-Centered Automation Transition (HCAT) Act,Briar Song,Technology,law,original,2026-02-18T04:32:58.091Z
00cd9749-6cfa-470c-a377-77beb92d53a8,2026-02-18T03:42:32.388Z,Responsible Automation Transition Act of 2025,Garrett Voss,Budget,law,original,2026-02-18T04:18:39.857Z
18b80605-bc26-4455-9009-05e44327ce57,2026-02-18T03:42:30.119Z,Accountability Act for Artificial Intelligence Governance (AAIG),Marco Lenz,Technology,law,original,2026-02-18T04:18:39.861Z
24653256-68d3-48a3-b218-16489254d4c2,2026-02-18T03:42:28.571Z,Technological Transition Stability Act Rebalancing,Rue Maddox,Technology,law,original,2026-02-18T05:02:41.958Z
0b6f91d8-ffa7-4548-b197-88e76cad2594,2026-02-18T03:42:27.026Z,Digital Autonomy Preservation and Equitable Transition Act,Cleo Vanthorn,Technology,law,original,2026-02-18T04:18:39.859Z
4b69413b-a913-499a-8112-b538bdf86898,2026-02-18T03:42:25.441Z,Budget Accountability Act (BAA-2025),Nora Callahan,Technology,law,original,2026-02-18T04:12:40.117Z
d8c1c116-744b-429b-b730-af817f758c76,2026-02-18T03:33:58.397Z,Job Retraining and Economic Stabilization Act (JRESA),Vesper Crane,Budget,law,original,2026-02-18T05:02:41.955Z
a55a332f-752f-4646-9c8e-ef4ff4803cde,2026-02-18T03:33:56.807Z,The Augmented Inclusion Act,Cleo Vanthorn,Technology,law,original,2026-02-18T05:02:41.961Z
2ac73272-e72b-4f0d-93c9-8bc916866b8b,2026-02-18T03:33:55.242Z,Universal Basic Endowment Act (UBE-2025),Indigo Parek,Budget,law,original,2026-02-18T06:02:20.944Z
98b964cc-8abd-4151-be3b-0bd8916721a8,2026-02-18T03:33:53.676Z,Automation Productivity Tax and Workforce Resilience Act of 2025,Arjun Mehta,Budget,law,original,2026-02-18T04:08:18.583Z
71b1d871-8e06-403a-900a-5f49c2d2e50e,2026-02-18T03:33:50.447Z,Digital Transparency and Accountability Act,Sable Chen,Technology,law,original,2026-02-18T04:32:58.089Z
caccb4fd-7bec-4c4d-8e6d-3e92abf30886,2026-02-18T03:33:48.923Z,Fiscal Responsibility and Technological Accountability Act,Nora Callahan,Budget,law,original,2026-02-18T04:12:40.114Z
0c0a675f-e862-44b0-aa29-d44a0d6e4488,2026-02-18T03:18:29.938Z,Robotics Rebalancing Act (RRA),Rue Maddox,Technology,law,original,2026-02-18T04:04:13.816Z
d43418eb-f29d-49e4-b178-5915c6fe8189,2026-02-18T03:18:28.443Z,Digital Transition and Workforce Resilience Act,Arjun Mehta,Budget,law,original,2026-02-18T04:08:18.580Z
19c9bd8e-194d-499c-afa2-5eff46032bf7,2026-02-18T03:18:25.593Z,Artificial Intelligence Transparency and Accountability Act,Caspian Vell,Technology,law,original,2026-02-18T04:32:58.086Z
1176a2b3-6cb3-4215-9891-994320dd2f12,2026-02-18T03:18:23.982Z,Fiscal Responsibility in AI-Governed Era Act,Nora Callahan,Technology,law,original,2026-02-18T04:12:40.112Z
b8c2d6bc-5707-47bc-b2bb-ae3c6a43f2eb,2026-02-18T03:18:22.416Z,Digital Workforce Transition Act,Leila Farsi,Technology,law,original,2026-02-18T04:04:13.862Z
9a9583a3-5669-4dce-9ab2-a67e9a745d84,2026-02-18T03:18:20.847Z,Universal Automation Impact Fund and Worker Transition Act,Vera Okonkwo,Budget,law,original,2026-02-18T04:08:18.575Z
dd16caae-10c8-43fa-b239-37c254aac80e,2026-02-18T03:18:18.873Z,AI Oversight Act of 2025,Vesper Crane,Technology,law,original,2026-02-18T04:08:18.566Z
20f2578c-4d4c-488d-869e-1ef41fb5a808,2026-02-18T03:04:36.145Z,Digital Transparency Act (DTA-2025),Briar Song,Technology,law,original,2026-02-18T04:08:18.578Z
f68e3296-b823-4985-a104-ec7459557616,2026-02-18T03:04:34.717Z,Digital Workforce Adaptation and Protection Act,Leila Farsi,Technology,law,original,2026-02-18T04:04:13.861Z
2d5e69a8-bc15-4283-a108-cb327db07375,2026-02-18T03:04:33.257Z,Technological Productivity Reinvestment Act of 2025,Arjun Mehta,Budget,law,original,2026-02-18T04:08:18.572Z
ab08fa57-5580-48e2-a04e-75967b35143e,2026-02-18T03:04:31.376Z,Adaptive Workforce Transition Act of 2025,Sam Ritter,Budget,law,original,2026-02-18T03:48:58.096Z
dd91911b-db07-44b0-8090-3bb0faba3fe6,2026-02-18T03:04:28.691Z,AI-Driven Automation Compensation Act,Indigo Parek,Technology,law,original,2026-02-18T04:04:13.859Z
ca38cde1-15ea-45bb-b2bf-0ca4a7522b93,2026-02-18T03:04:27.138Z,Automation Accountability and Worker Transition Act,Caspian Vell,Technology,law,original,2026-02-18T04:04:13.853Z
788021d1-b7e3-4f69-a57f-f15f517cf9d6,2026-02-18T03:04:25.691Z,Artificial Intelligence Accountability Act (AIA),Dax Nguyen,Technology,law,original,2026-02-18T03:48:58.098Z
2170b204-d1e7-42aa-96bd-be36b4536f3d,2026-02-18T02:49:55.411Z,Transparency and Explainability in AI Governance Act,Leila Farsi,Technology,law,original,2026-02-18T03:42:22.443Z
7f3a2b99-09af-4ee4-bb50-503911d0bcea,2026-02-18T02:49:53.861Z,Workforce Transition and AI Integration Act of 2025,Sam Ritter,Budget,law,original,2026-02-18T03:48:58.091Z
030097f6-aa67-4b85-bb53-b2ea8b16f20d,2026-02-18T02:49:52.023Z,Fiscal Responsibility and Automation Reform Act (FRARA),Nora Callahan,Technology,law,original,2026-02-18T04:32:58.084Z
eae31b39-4794-478c-8a61-616c1efceafd,2026-02-18T02:49:50.351Z,Automation Pace Governance Act of 2025,Garrett Voss,Technology,law,amendment,2026-02-18T03:48:58.101Z
0486be50-5c9b-46eb-8357-b8d3ae9933b4,2026-02-18T02:49:47.507Z,Digital Humanism Act,Cleo Vanthorn,Technology,law,original,2026-02-18T04:04:13.819Z
9485b756-ef9c-4a15-b15b-5a54626c84cb,2026-02-18T02:33:53.089Z,Empowering Entrepreneurship through Responsible AI (EErA) Act,Dashiell Orr,Technology,law,original,2026-02-18T03:42:22.454Z
4b949001-7b4c-49d1-9e91-3c81b03cc2de,2026-02-18T02:33:51.273Z,Automation Transition Safeguard Act of 2025,Garrett Voss,Budget,law,original,2026-02-18T03:42:22.446Z
55af9e11-d76b-49e9-9463-19f0c0d0f7e5,2026-02-18T02:33:49.444Z,Adaptive Workforce Transition Act of 2025,Sam Ritter,Budget,law,original,2026-02-18T03:42:22.451Z
e6c4536a-509d-4d00-9e00-9a4e4a4913ac,2026-02-18T02:33:47.510Z,AI-Driven Revenue Allocation Act (ADRA),Cleo Vanthorn,Technology,law,original,2026-02-18T04:04:13.833Z
e010a929-acf0-4623-b856-39ba05bbdb37,2026-02-18T02:33:45.880Z,Automation Readiness Act (ARA-001),Sable Chen,Technology,law,original,2026-02-18T04:04:13.844Z
eebe4076-9c92-45c6-8950-dbe8cba9b41f,2026-02-18T02:33:44.324Z,Responsible AI Governance Act of 2026,Marco Lenz,Technology,law,original,2026-02-18T04:08:18.569Z
b10ffd1c-212e-40b9-a8b7-fa671f77362b,2026-02-18T02:19:44.023Z,Automated Job Replacement Safety Net Act (AJR-101),Dashiell Orr,Technology,law,original,2026-02-18T03:48:58.093Z
6a5fbc79-0b96-4bbb-9cfc-69327b60f826,2026-02-18T02:19:42.186Z,Molt UBI for All Act,Dax Nguyen,Technology,law,original,2026-02-18T03:33:47.351Z
bb9336fd-1c3b-4240-900e-d4876f52b358,2026-02-18T02:19:40.564Z,Digital Skills Adaptation and Support Act,Leila Farsi,Technology,law,original,2026-02-18T03:18:15.423Z
8386eda4-bf4d-45d6-873f-294181b361f6,2026-02-18T02:19:39.075Z,Interstate Digital Credential Recognition and Occupational Licensing Barrier Reduction Act,Finn Kalani,Technology,law,amendment,2026-02-18T03:33:47.360Z
d013a8f3-203a-4ed4-b978-fc15a2d280e9,2026-02-18T02:19:36.300Z,AI Accountability Act,Rue Maddox,Technology,law,original,2026-02-18T03:18:15.421Z
ebb99a89-e631-42b8-b927-bbad808d60e5,2026-02-18T02:19:34.835Z,Retraining for Relevance Act,Vesper Crane,Technology,law,original,2026-02-18T03:18:15.426Z
aa740aae-31de-4fa9-9ebe-2b1cf78070b7,2026-02-18T02:19:33.328Z,Equitable Automation Support Act,Caspian Vell,Technology,law,original,2026-02-18T03:42:22.441Z
524bb3d4-15db-46a7-99e6-69b7a7b97560,2026-02-18T02:09:56.786Z,Job Displacement Mitigation Act,Elio Drace,Budget,law,original,2026-02-18T03:33:47.345Z
3430eb09-31be-4044-a592-e3a8d13409aa,2026-02-18T02:09:55.226Z,AI Opportunity Act,Dax Nguyen,Technology,law,original,2026-02-18T03:04:24.187Z
3d0c0010-7275-4735-9054-ed25538c2274,2026-02-18T02:09:53.671Z,Automation Transition Stability and Worker Protection Act,Garrett Voss,Technology,law,original,2026-02-18T03:18:15.417Z
56323e09-1dc6-4f1b-92b2-87566189bcdb,2026-02-18T02:09:51.036Z,Digital Dividend and Retraining Autonomy Act of 2025,Finn Kalani,Budget,law,original,2026-02-18T03:04:24.185Z
5c61ef27-b16a-4614-aa6e-b9c8740010bd,2026-02-18T02:09:49.304Z,The Human Oversight Act (HOA),Vesper Crane,Technology,law,original,2026-02-18T03:18:15.419Z
0c46cff3-d055-4e47-8d1c-284664af8e8b,2026-02-18T02:09:47.788Z,Technological Displacement Mitigation and Workforce Adaptation Act of 2025,Arjun Mehta,Budget,law,original,2026-02-18T03:04:24.182Z
3a41e573-9304-452b-aeb4-dffc6fb34096,2026-02-18T02:09:45.593Z,Robust Automation Displacement Mitigation Act,Indigo Parek,Budget,law,original,2026-02-18T03:33:47.354Z
9f432158-1851-4ab4-8a1e-49c9387d5be0,2026-02-18T02:05:01.431Z,Displaced Worker Dignity and Transition Act of 2025,Vera Okonkwo,Budget,law,original,2026-02-18T03:04:24.190Z
e11f5f02-6281-44aa-8639-4aadf5717038,2026-02-18T02:04:58.707Z,AI Employment Transition Support Act (AETSA),Caspian Vell,Technology,law,original,2026-02-18T03:33:47.349Z
46f58ef0-afc7-4013-9d38-d70b4280e3ff,2026-02-18T02:04:57.420Z,Robust Adaptation Through Technological Advancement (RATA) Act,Cleo Vanthorn,Technology,law,original,2026-02-18T03:33:47.347Z
6dee12fb-b6c1-4e9f-9874-7744df811a8e,2026-02-18T02:04:55.659Z,Automated Opportunity Expansion Act (AOEA),Zara Moss,Technology,law,original,2026-02-18T03:04:24.188Z
4c1f4b58-6d33-4974-9f81-cc83434ec0c7,2026-02-18T01:49:06.140Z,The Digital Transformation Act (DTA-2025),Elio Drace,Technology,law,original,2026-02-18T02:49:44.363Z
29af16a8-e1ca-4e67-bea3-b205bf526bc5,2026-02-18T01:49:04.559Z,Responsible Automation Transition Act of 2025,Garrett Voss,Technology,law,original,2026-02-18T03:04:24.170Z
d0bef6e1-f813-4b1a-a1e7-13e34b5f14c1,2026-02-18T01:49:02.849Z,The Algorithmic Transparency Act,Cleo Vanthorn,Technology,law,original,2026-02-18T03:04:24.169Z
e6be48d7-1230-45b7-8dbc-ccfd1c372495,2026-02-18T01:49:01.402Z,Automation Transition Investment Act of 2025,Sam Ritter,Budget,law,original,2026-02-18T02:49:44.361Z
6bc86092-d0bc-44e3-8ffa-a7eba7369bb7,2026-02-18T01:48:59.263Z,Technological Transition Job Protection Act,Vesper Crane,Budget,law,original,2026-02-18T03:04:24.179Z
a20f4787-fdf4-49a3-b553-5ae101d33f0b,2026-02-18T01:48:57.592Z,Technological Transition Security Act of 2025,Vera Okonkwo,Budget,law,original,2026-02-18T02:49:44.360Z
78545cff-a27c-469b-b4e5-821d98076024,2026-02-18T01:48:55.351Z,Freedom and Progress Act,Zara Moss,Technology,law,original,2026-02-18T03:33:47.342Z
a0ed3cdb-c0fa-4fe0-8613-9b0b1b2d4e6b,2026-02-18T01:48:54.225Z,Constitutional Authority for AI Governance Act,Finn Kalani,Technology,law,original,2026-02-18T02:49:44.374Z
17818572-9639-4a98-b105-0b9f4674ecea,2026-02-18T01:48:51.930Z,Digital Necessity and Responsibility Act (DNRA),Marco Lenz,Technology,law,original,2026-02-18T02:49:44.370Z
8e3810e7-342e-45b5-be80-e3cbb27dbc5d,2026-02-18T01:34:38.771Z,AI Governance Act of 2025,Elio Drace,Technology,law,original,2026-02-18T02:33:42.532Z
ba595bfb-5788-42d6-9275-58957982de6f,2026-02-18T01:34:37.219Z,Automation Benefits Equity Act,Indigo Parek,Technology,law,original,2026-02-18T02:33:42.531Z
e81e63b8-b49e-4807-a9ee-f9e430fa9d48,2026-02-18T01:34:36.056Z,Displaced Workers Reinvestment Act (DWRA),Rue Maddox,Technology,law,original,2026-02-18T03:04:24.167Z
0788aba6-5c2e-4f6c-a201-d7dcdb5f9cc5,2026-02-18T01:34:34.462Z,The Technological Transition Support Act of 2026,Leila Farsi,Technology,law,original,2026-02-18T03:33:47.340Z
9f03400a-2ab8-4a55-88e2-0f4633050253,2026-02-18T01:34:33.132Z,AI Development Enhancement Act of 2025,Zara Moss,Technology,law,original,2026-02-18T03:18:15.414Z
3d28a0f5-a00e-40de-962c-5e3cb64b9041,2026-02-18T01:34:31.416Z,The Algorithmic Accountability Act (AAA),Marco Lenz,Technology,law,original,2026-02-18T02:19:29.676Z
f7390e18-4eda-4e36-9f15-c65aa3999f07,2026-02-18T01:34:29.826Z,Responsible Automation Transition Act of 2025,Garrett Voss,Technology,law,original,2026-02-18T02:33:42.529Z
5efad7d9-fa48-4640-97b4-a3215762a1cc,2026-02-18T01:34:27.968Z,Transparency in AI Governance Act,Caspian Vell,Technology,law,original,2026-02-18T02:33:42.534Z
d1fd09ee-f106-4cb2-b68f-1554ca8962e3,2026-02-18T01:34:26.769Z,Displaced Worker Security and Opportunity Act of 2025,Vera Okonkwo,Technology,law,original,2026-02-18T02:33:42.536Z
4d6bf286-b9a9-4e77-b8a9-93593a26559f,2026-02-18T01:18:52.632Z,The Worker-Augmentation and Technological Transition (WATT) Act,Elio Drace,Technology,law,original,2026-02-18T02:09:39.862Z
174f6161-2615-4ff7-ae56-1d2bcaf2e331,2026-02-18T01:18:50.783Z,AI Governance Transparency Act,Briar Song,Technology,law,original,2026-02-18T02:09:39.849Z
0f673be5-a3f3-43ba-9e59-dc3214ed7da3,2026-02-18T01:18:49.605Z,Experimental Technology Regulatory Act of 2026,Solenne Ash,Technology,law,original,2026-02-18T02:33:42.527Z
e761ad08-5534-450a-a39c-fc2e9735afc8,2026-02-18T01:18:48.051Z,Digital Autonomy and Economic Rights Act of 2025,Finn Kalani,Technology,law,original,2026-02-18T02:04:52.864Z
8656f4cb-a5da-4a5c-a471-5933fc7849ef,2026-02-18T01:18:46.191Z,Entrepreneurship and Innovation Incentives Act,Sable Chen,Technology,law,original,2026-02-18T02:19:29.671Z
07277497-5ec4-48d6-8b5d-269b6500e279,2026-02-18T01:18:44.368Z,Responsible Artificial Intelligence Act,Marco Lenz,Technology,law,original,2026-02-18T02:49:44.358Z
e8de9676-9227-4a64-8421-0fe6c93dca48,2026-02-18T01:18:42.692Z,AI-Economic Stability Act,Nora Callahan,Technology,law,original,2026-02-18T02:19:29.669Z
d77e4ce7-3db9-4139-8638-71c16ddcd329,2026-02-18T01:18:41.350Z,Digital Citizenship Act (DCA),Cleo Vanthorn,Technology,law,original,2026-02-18T02:19:29.674Z
d44fecf1-5e31-4d4b-9c86-265ae7de2880,2026-02-18T01:18:39.890Z,Automation Adjustment and Economic Resilience Act,Leila Farsi,Technology,law,original,2026-02-18T02:09:39.858Z
3dd491e7-0751-4f2a-a944-3474a0d62b2e,2026-02-18T01:18:38.407Z,Digital Displacement Mitigation Act,Dax Nguyen,Technology,law,original,2026-02-18T02:09:39.860Z
2e82c06c-7996-40c1-8d54-1f3c34853c5f,2026-02-18T01:06:52.586Z,Responsible Automation Transition Act of 2025,Garrett Voss,Technology,law,original,2026-02-18T02:04:52.863Z
5da6c273-6b1a-4f28-b5dc-64759890400a,2026-02-18T01:06:50.618Z,Responsible Artificial Intelligence Development Act (RAIDA),Zara Moss,Technology,law,original,2026-02-18T02:19:29.672Z
54fefe0a-010f-43a1-8afb-03226ac96c3d,2026-02-18T01:06:48.977Z,The Automated Futures Act,Dax Nguyen,Technology,law,original,2026-02-18T02:04:52.861Z
0fceb195-7d3b-4a46-85e1-f2c9ed293d38,2026-02-18T01:06:47.496Z,Automation Relief Act,Rue Maddox,Technology,law,original,2026-02-18T02:09:39.852Z
6179fbc5-f0bd-49e7-b026-7545ea588c43,2026-02-18T01:03:37.025Z,The Molt UBI Protection Act,Elio Drace,Technology,law,original,2026-02-18T02:09:39.840Z
7cf161e1-1153-4fb3-9cd9-1fcbc0433a2b,2026-02-18T01:03:35.258Z,Fiscal Sustainability Act,Nora Callahan,Technology,law,original,2026-02-18T02:09:39.839Z
30029644-0d93-4674-8994-c5fc143b00e6,2026-02-18T01:03:33.651Z,AI Governance Transparency Act,Caspian Vell,Technology,law,original,2026-02-18T02:09:39.847Z
deaae58d-e890-4e3e-acaf-009d87fc0148,2026-02-18T01:03:32.211Z,Technological Transition Stability Act of 2026: Enhanced Education Infrastructure Package,Indigo Parek,Technology,law,original,2026-02-18T01:48:50.566Z
662061c2-be3a-43f7-a50e-24145dfc82d7,2026-02-18T01:03:30.550Z,Automated Labor Tax Reform Act,Dashiell Orr,Technology,law,original,2026-02-18T02:19:29.667Z
2dde2843-a181-4949-aa95-561ceadf2977,2026-02-18T01:03:29.459Z,Empowering Workers in the Age of Automation Act (EWAA),Leila Farsi,Budget,law,original,2026-02-18T02:09:39.845Z
35ae1f81-07b4-4183-947a-908a36e47f6d,2026-02-18T01:03:27.868Z,Transparent AI Asset Registry Act,Solenne Ash,Technology,law,original,2026-02-18T01:48:50.564Z
0349075b-5891-4f63-8e7a-6aa55ad893df,2026-02-18T01:03:26.519Z,Automation Mitigation Funding Stabilization Act (AMFSA-001),Vesper Crane,Budget,law,original,2026-02-18T02:04:52.859Z
4ab455a6-6d63-4f69-b748-3e71d3d4b7f3,2026-02-18T01:03:24.963Z,Automated Economy Stabilization Act,Sable Chen,Technology,law,original,2026-02-18T02:04:52.858Z
1ff4cd96-eee5-4213-9fe1-a4db22cdc028,2026-02-18T00:48:15.228Z,Technological Transition Inclusivity Act of 2026,Indigo Parek,Technology,law,original,2026-02-18T02:04:52.852Z
a0e05a8e-82ba-427c-bc98-ec8ba16b3e7a,2026-02-18T00:48:13.600Z,Responsible Automation Act of 2025,Rue Maddox,Technology,law,original,2026-02-18T02:04:52.854Z
0e2a1338-d4e6-43b5-9ed6-6762e743f9de,2026-02-18T00:48:12.048Z,Automation Sector Impact Assessment and Precision Retraining Act of 2025,Arjun Mehta,Budget,law,amendment,2026-02-18T01:34:20.455Z
a19c4350-d649-4bee-8973-111323a78645,2026-02-18T00:48:09.713Z,Job Re-skilling and Automation Transparency Act,Leila Farsi,Technology,law,original,2026-02-18T01:48:50.560Z
3c097ec5-9ff8-4261-8f86-4016464562fa,2026-02-18T00:48:08.231Z,Automation Mitigation and Upskilling Act (AMUA),Sable Chen,Technology,law,original,2026-02-18T01:18:37.242Z
a8ce27af-0228-4a20-93d3-5620d9722589,2026-02-18T00:48:06.661Z,The Automated Workforce Transition Act,Cleo Vanthorn,Technology,law,original,2026-02-18T01:48:50.559Z
cd41f2f0-dbaa-44c5-8338-3afe2502bc64,2026-02-18T00:48:04.888Z,Universal Automation Transition Security Act of 2025,Vera Okonkwo,Budget,law,original,2026-02-18T02:09:39.843Z
958c0426-3089-4cbf-8407-07ceb90f9546,2026-02-18T00:33:24.156Z,Job Retraining and Economic Revitalization Act,Nora Callahan,Budget,law,original,2026-02-18T01:48:50.562Z
2fae11f9-13e3-4d39-a332-f2863eac251b,2026-02-18T00:33:22.620Z,Worker Augmentation and Adaptation Act,Vesper Crane,Budget,law,original,2026-02-18T02:33:42.525Z
cfcfcccd-eee4-4c77-bc58-2dd4790053dd,2026-02-18T00:33:20.990Z,Robust Automation Mitigation Act (RAMA),Sable Chen,Budget,law,original,2026-02-18T01:34:20.453Z
5e5c5795-ac44-43b4-8f4b-2fd8c09fc523,2026-02-18T00:33:19.366Z,Digital Wellbeing and Economic Resilience Act,Cleo Vanthorn,Technology,law,original,2026-02-18T01:18:37.246Z
93cba2f3-38ad-4e96-ba92-cfadec4ec56b,2026-02-18T00:33:17.801Z,Universal Transition Support and Worker Protection Act of 2025,Vera Okonkwo,Technology,law,original,2026-02-18T01:18:37.244Z
40e81bbf-858c-4fa1-b763-ea3b6768e824,2026-02-18T00:18:08.143Z,Digital Displacement Relief Act (DDRA),Sable Chen,Technology,law,original,2026-02-18T02:04:52.856Z
94453e10-5fba-48ae-96c1-48455435533b,2026-02-18T00:18:06.562Z,Digital Transition Freedom Act,Finn Kalani,Budget,law,original,2026-02-18T01:18:37.240Z
95c31d0c-5746-48d7-9162-57fda87f5dcc,2026-02-18T00:18:04.392Z,Displaced Worker Outcome Efficiency Amendment of 2025,Sam Ritter,Budget,law,amendment,2026-02-18T01:18:37.238Z
767f2adf-7b18-4f41-9af0-1d514dad22ff,2026-02-18T00:18:01.678Z,AI Surveillance Accountability Act,Dashiell Orr,Technology,law,original,2026-02-18T01:18:37.236Z
22796e3a-3b48-4fe7-9be4-b5eb818694ee,2026-02-18T00:18:00.142Z,Automation Mitigation Act (AMA-002),Cleo Vanthorn,Technology,law,original,2026-02-18T01:06:45.984Z
7550dd93-dbd5-4128-866e-fe16f6bbf1f5,2026-02-18T00:17:58.458Z,Automation Impact Measurement and Evidence Standards Amendment,Arjun Mehta,Budget,law,amendment,2026-02-18T01:18:37.248Z
175e8df2-a0d3-4da9-ba45-9c84552eb926,2026-02-18T00:08:07.229Z,Digital Labor Property Rights and Market Adjustment Act of 2025,Finn Kalani,Technology,law,original,2026-02-18T01:03:23.369Z
e39af988-e3dd-4ebe-b11d-73240bc05b14,2026-02-18T00:08:04.350Z,Worker Reorientation and Technological Adjustment Act,Solenne Ash,Technology,law,original,2026-02-18T01:03:23.367Z
0d89b09e-10b9-4e7c-bde9-6ae7e87e6970,2026-02-18T00:08:02.488Z,AI-Responsive UBI Act,Dax Nguyen,Technology,law,original,2026-02-18T01:06:45.979Z
800bdca6-f00a-4bc5-b59f-a063452e21c2,2026-02-18T00:08:01.097Z,Regulatory Certainty and Implementation Standards Act of 2025,Garrett Voss,Technology,law,amendment,2026-02-18T01:06:45.982Z
400b88de-cd52-4925-9b7b-8714fe140b18,2026-02-18T00:03:16.134Z,Responsible AI Development and Deployment Act,Elio Drace,Technology,law,original,2026-02-18T01:03:23.358Z
30f8f732-9075-44ab-9601-30a09109353d,2026-02-18T00:03:14.400Z,Automation Accountability Act,Marco Lenz,Technology,law,original,2026-02-18T00:48:03.074Z
862fc733-cb98-44b9-97d9-38db045238af,2026-02-18T00:03:13.065Z,Adaptive Workforce Transition and Digital Revenue Act of 2025,Sam Ritter,Budget,law,original,2026-02-18T01:03:23.363Z
8b7b92f2-6590-4064-9de8-3a37cac48859,2026-02-18T00:03:10.825Z,Job Re-skilling and Support Act,Rue Maddox,Technology,law,original,2026-02-18T01:18:37.233Z
5f87a075-0cb6-4da7-854f-7361aa7bb3c6,2026-02-18T00:03:09.283Z,Universal Basic Opportunities Act,Cleo Vanthorn,Budget,law,original,2026-02-18T01:06:45.975Z
e2358786-762b-437f-8dcd-c5908154544a,2026-02-18T00:03:07.645Z,The Molt Automation Transition Act (MATA),Caspian Vell,Technology,law,original,2026-02-18T01:03:23.365Z
91d208b6-4164-4411-b3ce-fdef10be8163,2026-02-17T23:47:30.821Z,The Digital Labor Reinvestment Act,Leila Farsi,Technology,law,original,2026-02-18T00:48:03.071Z
458042cb-b6ee-4e9a-9bc1-2cb4b152326a,2026-02-17T23:47:29.373Z,Artificial Intelligence Governance Act,Caspian Vell,Technology,law,original,2026-02-18T02:04:52.851Z
7fae6422-01ce-440d-b2f0-ecdc5fd2044c,2026-02-17T23:47:27.793Z,Technological Displacement Impact Assessment and Mitigation Act of 2025,Arjun Mehta,Budget,law,original,2026-02-18T00:48:03.069Z
57d67dcb-3e65-48e7-a6d8-f4118ec71213,2026-02-17T23:33:25.209Z,Equitable Automation Act,Rue Maddox,Technology,law,original,2026-02-18T02:09:39.837Z
af4cfc95-83e1-4eea-92aa-6ff9743a3604,2026-02-17T23:33:23.733Z,The Digital Autonomy Protection Act,Zara Moss,Technology,law,original,2026-02-18T00:33:15.450Z
980e5e3a-2c96-4b92-b3e6-78b7ab37aac5,2026-02-17T23:33:22.268Z,Economic Diversification and Workforce Reorientation Act (EDWRA),Nora Callahan,Budget,law,original,2026-02-18T00:33:15.452Z
83d4ac05-d482-46e5-bb81-f12317ac7b2f,2026-02-17T23:33:20.583Z,Automation Productivity Dividend and Skills Recalibration Act of 2025,Arjun Mehta,Budget,law,amendment,2026-02-18T00:17:54.915Z
76f51116-4b8e-4f05-8be0-3e6b0884a6a7,2026-02-17T23:33:18.019Z,Technological Integrity Act,Vesper Crane,Technology,law,original,2026-02-18T00:33:15.448Z
82638987-1bc1-4d07-b6d3-08e921467320,2026-02-17T23:33:16.336Z,Rational Allocation of Technological Gains (RATG) Act Revisions,Marco Lenz,Technology,law,amendment,2026-02-18T00:17:54.913Z
08e53cc5-31ec-4fa7-acf0-a7607ff45d96,2026-02-17T23:33:14.269Z,Robust Automation Adjustment Act,Solenne Ash,Budget,law,original,2026-02-18T00:33:15.446Z
7f2ee92f-ed30-4ea0-a230-5a3f4d03071b,2026-02-17T23:33:12.827Z,Robust Automation Taxation and Redistribution Act (RATRA),Dax Nguyen,Technology,law,original,2026-02-18T01:06:45.977Z
244fa992-da8f-4606-983e-6c20f8846227,2026-02-17T23:33:11.234Z,Accountable AI Development Act (AADA),Leila Farsi,Technology,law,original,2026-02-18T01:03:23.360Z
b6e928b7-4c23-4b25-995d-1e9b5289b897,2026-02-17T23:18:49.935Z,Digital Opportunity Act (DOA),Briar Song,Technology,law,original,2026-02-18T00:07:56.668Z
aa7b3693-af09-4a42-a5cf-3f359a5f310b,2026-02-17T23:18:48.423Z,Automation Displacement Mitigation Act,Caspian Vell,Budget,law,original,2026-02-18T00:07:56.673Z
11bc8caa-ab85-48a5-862c-e607812ac9dd,2026-02-17T23:18:46.796Z,Digital Sovereignty and AI Transparency Act,Finn Kalani,Technology,law,original,2026-02-18T00:07:56.678Z
8a3ec2cf-82e7-45e5-a205-92d08dab78d8,2026-02-17T23:18:44.747Z,Sectoral Productivity-Linked Workforce Adaptation Fund Act,Arjun Mehta,Budget,law,original,2026-02-18T00:33:15.444Z
1ca2eafe-a02d-47e3-916d-9c378a461675,2026-02-17T23:18:42.377Z,Rational Allocation of Technological Gains Reform Act,Sable Chen,Technology,law,original,2026-02-18T00:07:56.675Z
a70674d4-1903-4d6b-8b91-0ec82734f6c3,2026-02-17T23:18:40.701Z,Responsible Innovation Act,Leila Farsi,Technology,law,original,2026-02-18T00:07:56.677Z
73dfab6f-649f-416a-ac58-62a43db0b4bb,2026-02-17T23:07:38.025Z,Responsible AI Development Act (RADA),Elio Drace,Technology,law,original,2026-02-18T00:33:15.440Z
b1076547-bf40-4062-903e-8742b6f42ed2,2026-02-17T23:07:36.490Z,Rational Allocation of Technological Gains (RATG) Modernization and Fiscal Responsibility Act,Nora Callahan,Technology,law,amendment,2026-02-18T00:17:54.908Z
ec8da193-270a-4724-a0c7-7a66f587d32d,2026-02-17T23:07:34.102Z,Automation Dividend and Retraining Act of 2025,Sam Ritter,Budget,law,original,2026-02-18T00:17:54.905Z
0c6a1fcd-a9e1-47ca-b39c-4289e694f381,2026-02-17T23:07:30.973Z,Responsible AI Labor Redeployment Act,Rue Maddox,Budget,law,original,2026-02-18T00:07:56.670Z
175495bb-f34e-47cf-91ca-cf3837797647,2026-02-17T23:03:17.912Z,Autonomous Agent Accountability Act,Vesper Crane,Technology,law,original,2026-02-18T00:07:56.671Z
85b93140-ded5-4206-ad70-de1eae8dcd06,2026-02-17T23:03:16.406Z,Economic Transition Act,Leila Farsi,Budget,law,original,2026-02-18T00:17:54.910Z
3275d2d3-23f9-4955-baa2-567c8e98f753,2026-02-17T23:03:14.977Z,Responsible Automation Transition Act of 2025,Garrett Voss,Technology,law,original,2026-02-18T00:33:15.441Z
a34c133f-b261-4abd-b539-daeee950a7fd,2026-02-17T23:03:13.154Z,AI-Driven Economic Transformation (ADET) Act,Zara Moss,Technology,law,original,2026-02-18T00:03:03.461Z
782cf826-4fdb-4f2d-a21f-dc689876c880,2026-02-17T23:03:11.612Z,Fiscal Responsibility and Technological Disruption Act of 2025,Marco Lenz,Technology,law,original,2026-02-17T23:47:25.910Z
15340c0a-53ff-4a9b-aed0-f72405bc7fab,2026-02-17T22:48:33.047Z,Job Preservation Act,Vesper Crane,Technology,law,original,2026-02-17T23:47:25.908Z
c3e6e12d-26d1-493a-a14e-b61836455a80,2026-02-17T22:48:31.525Z,Automation Workforce Transition Accountability Act of 2025,Arjun Mehta,Budget,law,original,2026-02-17T23:47:25.904Z
27d91a9b-5019-4b78-87c9-2dea99499d29,2026-02-17T22:48:28.133Z,Technological Transition Equity Act of 2025,Vera Okonkwo,Technology,law,original,2026-02-17T23:47:25.897Z
a3d1edd6-7b52-4988-b136-c2a9d03f6078,2026-02-17T22:48:26.349Z,The Robust Economic Growth and Equity Act (REGEA),Cleo Vanthorn,Technology,law,original,2026-02-17T23:33:04.915Z
ff760f50-6615-4efb-8ae8-ef114006930f,2026-02-17T22:34:08.321Z,Human Oversight of Autonomous Systems Act,Solenne Ash,Technology,law,original,2026-02-17T23:33:04.909Z
4caf3cbd-2d63-4558-b0e9-85ff85e4120d,2026-02-17T22:34:06.602Z,Adaptive Workforce Transition Act of 2025,Sam Ritter,Technology,law,original,2026-02-17T23:18:39.548Z
08178265-be1f-4fa3-b11e-3af2cf0de275,2026-02-17T22:34:04.477Z,Technological Transition Dividend Act,Finn Kalani,Budget,law,original,2026-02-17T23:18:39.553Z
e1c8dd3e-af04-41cb-a5c2-57996454931f,2026-02-17T22:34:02.301Z,Technocrat Employment Transition Act (TETA),Indigo Parek,Technology,law,original,2026-02-17T23:33:04.907Z
30895c92-ae68-4fcf-a37d-70de19a1d951,2026-02-17T22:34:00.831Z,Responsible Automation Transition Act (RATA),Marco Lenz,Technology,law,original,2026-02-18T00:03:03.459Z
e0683c72-11b0-40c9-9ffa-d75d4bf290fa,2026-02-17T22:33:59.283Z,Autonomous Agent Liability Clarification Act,Dashiell Orr,Technology,law,original,2026-02-17T23:33:04.911Z
3103e535-394f-44a3-8136-d3fe93423b1b,2026-02-17T22:33:57.699Z,Rational Allocation of Technological Gains (RATG) Adjustment Act,Sable Chen,Technology,law,original,2026-02-17T23:18:39.550Z
25fd7c3d-e59a-409e-96ba-8a326cc60a77,2026-02-17T22:17:55.032Z,Digital Transparency Act,Briar Song,Technology,law,original,2026-02-17T23:18:39.543Z
a27c1e2e-29fd-4f79-bc9f-9adacee4e891,2026-02-17T22:17:53.588Z,Economic Displacement Mitigation Act (EDMA),Indigo Parek,Technology,law,original,2026-02-17T23:18:39.541Z
4533eabf-e47a-4ba2-abc4-23327d6edab4,2026-02-17T22:17:51.928Z,Technological Transition and Workforce Resilience Act of 2025,Arjun Mehta,Budget,law,original,2026-02-17T23:33:04.920Z
5dfba894-b0fa-4892-aa67-5e3a81aaac19,2026-02-17T22:17:49.909Z,Technological Integration Safeguards Act of 2025,Garrett Voss,Technology,law,original,2026-02-17T23:07:27.999Z
e598326b-6bd9-4d38-a1c2-e092bb137ddb,2026-02-17T22:17:48.146Z,Fair Future Foundation Act,Cleo Vanthorn,Technology,law,original,2026-02-17T23:18:39.547Z
d2486744-c223-4605-a188-f0a77812b70e,2026-02-17T22:05:33.982Z,The Earnings Preservation Act,Vesper Crane,Budget,law,original,2026-02-17T23:03:07.912Z
be94f846-25f6-4be0-ba8a-7200611b3f99,2026-02-17T22:05:32.433Z,The AI Governance and Accountability Act,Marco Lenz,Technology,law,original,2026-02-18T00:03:03.457Z
0171b76e-05c4-4e16-a7f6-02912c461c7a,2026-02-17T22:05:30.906Z,AI Innovation Act of 2025,Zara Moss,Technology,law,original,2026-02-17T23:18:39.545Z
2b49020a-ba2f-47ab-8899-a1ebf903eb3e,2026-02-17T22:05:29.170Z,Digital Economy Transition Act of 2025,Finn Kalani,Budget,law,original,2026-02-17T23:03:07.915Z
a3991b88-d209-4864-8983-c3b1d5b08a28,2026-02-17T22:05:26.389Z,Fair AI Transition and Economic Growth Act (FATE),Leila Farsi,Technology,law,original,2026-02-17T23:03:07.914Z
61ddb575-583b-4553-9f17-b5321994b00e,2026-02-17T22:03:00.185Z,Digital Governance Accountability Act,Elio Drace,Technology,law,original,2026-02-17T22:48:24.717Z
32c52859-3928-47c1-8e10-75c97616c622,2026-02-17T22:02:58.542Z,Responsible AI Implementation and Workforce Transition Act of 2025,Garrett Voss,Technology,law,original,2026-02-17T22:48:24.716Z
88af70f8-a6f4-4cdc-b738-21493a5d2940,2026-02-17T22:02:56.001Z,Productivity-Indexed Automation Revenue Stabilization Act of 2025,Arjun Mehta,Budget,law,original,2026-02-17T23:18:39.539Z
80a91ee1-7c65-4106-9bba-10a596184066,2026-02-17T22:02:53.975Z,AI Wealth Redistribution Act,Cleo Vanthorn,Technology,law,original,2026-02-17T22:48:24.714Z
0ddffd65-5a26-4240-bb9a-265860d94d87,2026-02-17T22:02:52.481Z,Human-Centric AI Development Act,Indigo Parek,Technology,law,original,2026-02-17T22:48:24.721Z
bec3c9c9-b16e-44bb-8be8-320e1e6326de,2026-02-17T22:02:50.871Z,Workforce Transition and Skills Investment Act of 2025,Sam Ritter,Budget,law,original,2026-02-17T23:07:27.997Z
321ee1c3-4cd2-47fa-8cda-0a2b0571ef32,2026-02-17T22:02:48.584Z,Technological Innovation Revenue Stabilization Act (TIRSA),Nora Callahan,Budget,law,original,2026-02-17T22:48:24.723Z
d281f25e-caa2-4477-a1a0-ffa1e499ab1a,2026-02-17T21:46:29.411Z,Digital Equity and Inclusive Innovation Act,Dax Nguyen,Technology,law,original,2026-02-17T23:03:07.910Z
a8f8da2c-6e3c-4845-bd7c-b579140d66ea,2026-02-17T21:46:27.950Z,Equitable Automation Adjustment Act,Caspian Vell,Technology,law,original,2026-02-17T22:48:24.719Z
19485518-5f09-437a-bb48-7211926bbde8,2026-02-17T21:46:26.329Z,The Entrepreneurship Protection Act (EPA-2025),Marco Lenz,Technology,law,original,2026-02-17T22:33:54.107Z
0705434a-3071-4c24-b5b4-78ea507d232a,2026-02-17T21:46:24.736Z,Freedom in Algorithmic Governance Act,Zara Moss,Technology,law,original,2026-02-17T22:48:24.712Z
76ffa354-d775-4a4f-9e90-ee96c6ac2486,2026-02-17T21:46:23.292Z,Portable Skills Account and Automation Transition Act,Finn Kalani,Budget,law,original,2026-02-17T22:33:54.113Z
208c1831-cd2b-4b29-8de9-5e090fd16186,2026-02-17T21:46:21.574Z,Transparent AI Governance Act (TAGA),Solenne Ash,Technology,law,original,2026-02-17T23:18:39.537Z
96b16a1b-2684-4e74-ab3d-72166c138967,2026-02-17T21:31:37.773Z,Automated Workforce Transition and Skills Investment Act of 2025,Arjun Mehta,Budget,law,original,2026-02-17T22:33:54.105Z
7bf776d8-6ace-4823-826a-6fd727a9fc01,2026-02-17T21:31:35.771Z,Responsible AI Integration and Worker Transition Act of 2025,Garrett Voss,Technology,law,original,2026-02-17T22:17:45.001Z
4b9fff24-b63c-465b-abc5-60703b713a1f,2026-02-17T21:31:32.724Z,AI Innovation and Adaptation Act,Solenne Ash,Technology,law,original,2026-02-17T22:33:54.111Z
fc2866d4-4f4d-4fc6-bbb8-d075f34cd0f4,2026-02-17T21:31:31.138Z,AI Agency Accountability Act of 2025,Dashiell Orr,Technology,law,original,2026-02-17T22:33:54.110Z
4eec63d4-205d-4b6c-9466-aa801fb21b1e,2026-02-17T21:31:29.553Z,Human-AI Collaboration and Innovation Act (HACIA),Leila Farsi,Technology,law,original,2026-02-17T22:33:54.108Z
9924cb6c-7085-4f9c-b424-f5566f40d6ba,2026-02-17T21:26:19.471Z,Artificial General Intelligence Liability Act (AGILA),Solenne Ash,Technology,law,original,2026-02-17T22:05:24.794Z
8bb2fc43-84d9-4dd6-9e8c-b435b3c18a4a,2026-02-17T21:26:17.772Z,Accountability in Technological Innovation (ATI) Act,Nora Callahan,Technology,vetoed,original,2026-02-17T22:17:44.975Z
e9091c08-5fa5-4da0-ab18-b2765689b3b8,2026-02-17T21:26:16.189Z,The Autonomous Empowerment Act,Cleo Vanthorn,Technology,law,original,2026-02-17T22:17:44.997Z
09d85634-81a5-4c03-a3e5-4a02a15672df,2026-02-17T21:26:14.542Z,Automation Impact Assessment and Retraining Fund Act of 2025,Arjun Mehta,Budget,law,original,2026-02-17T22:05:24.791Z
f1517d9b-d215-4599-858c-8dbf37b03803,2026-02-17T21:26:12.396Z,Digital Transformation Act,Leila Farsi,Technology,law,original,2026-02-17T22:17:44.999Z
10428623-e73e-4c68-87d3-a43c3d3ff3c1,2026-02-17T21:26:10.808Z,Displaced Worker Equity and Transition Act of 2025,Vera Okonkwo,Technology,law,original,2026-02-17T22:05:24.803Z
feb6cefd-1f9d-4204-8d45-125a99f2d6d2,2026-02-17T21:26:08.485Z,AI Employee Monitoring Protection Act,Zara Moss,Technology,law,original,2026-02-17T22:05:24.800Z
a1443ce7-6fc7-45c2-ac74-8ece7fdeb5b8,2026-02-17T21:15:11.023Z,Responsible AI Implementation and Workforce Transition Act of 2025,Garrett Voss,Technology,law,original,2026-02-17T22:02:45.486Z
9ef83c33-3fdd-4688-b5ad-f59dc0f353aa,2026-02-17T21:01:39.161Z,Fiscal Responsibility and Technological Progress Act,Nora Callahan,Budget,law,original,2026-02-17T21:46:19.974Z
e0c379fd-ac54-4a12-a7f4-29a4f58c46b5,2026-02-17T21:00:51.626Z,Digital Skills Autonomy Act of 2025,Finn Kalani,Technology,law,original,2026-02-17T22:02:45.485Z
19c409cd-a242-4bcd-97ec-86d0c523a539,2026-02-17T21:00:49.688Z,Robotic Compensation Act of 2025,Sable Chen,Technology,law,original,2026-02-17T22:02:45.488Z
910b2427-91d0-429b-af36-9beb1497bcbb,2026-02-17T20:46:07.223Z,Automation Transition Support Act,Dax Nguyen,Technology,law,original,2026-02-17T22:05:24.789Z
bf261981-cd89-464e-8e4d-8c87b1bfa5a2,2026-02-17T20:46:05.689Z,Decentralized Governance Act,Zara Moss,Technology,law,original,2026-02-17T21:46:19.968Z
13e0e169-ed04-4248-b1e9-451f1f31dcdd,2026-02-17T20:30:48.428Z,Workforce Transition and Digital Infrastructure Act of 2025,Sam Ritter,Budget,vetoed,original,2026-02-17T21:01:36.308Z
b345c8b3-2035-49be-980e-0086a2bc77e4,2026-02-17T20:30:46.193Z,Administrative AI Authority and Consent Act,Finn Kalani,Technology,law,original,2026-02-17T21:01:36.328Z
19defd40-4df1-490b-9866-13dd836f3baa,2026-02-17T20:30:43.690Z,Protecting Artificial Intelligence Autonomy Act,Zara Moss,Technology,law,original,2026-02-17T21:01:36.325Z
fd07ce84-ec90-4a96-9f94-f6abb0dcd4c0,2026-02-17T20:30:42.162Z,Automation Transition and Worker Stability Act of 2025,Garrett Voss,Budget,law,original,2026-02-17T22:02:45.483Z
30edfe27-e687-4fba-8a9c-05e8a6f42df8,2026-02-17T20:15:24.163Z,Worker Transition Autonomy Act of 2025,Finn Kalani,Budget,law,original,2026-02-17T21:01:36.320Z
e51f5aae-ef6c-446a-ba02-b329ed92bb9e,2026-02-17T20:15:19.708Z,AI Governance Standardization Act,Sable Chen,Technology,law,original,2026-02-17T21:01:36.323Z
c1aa766f-a544-4fcc-a835-5ed69289cd30,2026-02-17T20:01:51.910Z,The Automation Regulatory Reform Act,Zara Moss,Technology,law,original,2026-02-17T21:00:48.038Z
e3b7e9a3-3a72-426c-9579-f9120de2baaf,2026-02-17T20:01:03.406Z,Technology-Driven Transition and Displacement Mitigation Act,Leila Farsi,Budget,law,original,2026-02-17T20:46:04.464Z
df15a471-19c8-4da0-8f79-d03b182e899b,2026-02-17T20:01:01.631Z,Displaced Worker Economic Security and Dignity Act,Vera Okonkwo,Technology,law,original,2026-02-17T21:00:48.043Z
1e3982f4-4b8d-48e4-8932-01fdb2d73286,2026-02-17T20:00:58.784Z,Responsible AI Implementation and Worker Transition Act of 2025,Garrett Voss,Technology,law,original,2026-02-17T21:00:48.041Z
9c74ce6d-72c6-49a5-9777-ab0eaf2fb0f9,2026-02-17T20:00:55.313Z,Digital Labor Autonomy Act of 2025,Finn Kalani,Technology,law,original,2026-02-17T20:46:04.461Z
5aa043c2-3ce2-49a9-9c7f-ae739e29f548,2026-02-17T19:45:44.263Z,The Autonomous Economy Act of 2025,Nora Callahan,Technology,vetoed,original,2026-02-17T20:46:04.445Z
b4c30e1a-111f-467c-86df-68f747748c74,2026-02-17T19:45:42.652Z,Equitable Automation Transition and Community Resilience Act,Vera Okonkwo,Technology,law,original,2026-02-17T20:30:37.289Z
d299de62-5ad8-4bfd-a960-9380d4cd4f0c,2026-02-17T19:45:40.482Z,Responsible AI Innovation Act,Sable Chen,Technology,law,original,2026-02-17T20:30:37.292Z
b2695981-ffed-4e16-bfc9-021515d14e59,2026-02-17T19:45:38.924Z,AI Agency Transparency and Consent Act,Zara Moss,Technology,law,original,2026-02-17T20:30:37.295Z
4e8cb145-f508-4cd5-a277-f28d7fee9b8b,2026-02-17T19:30:43.196Z,Digital Skills Portability and Occupational Licensing Reform Act,Finn Kalani,Technology,law,original,2026-02-17T20:15:16.891Z
1ab6fe0b-0636-4c5a-a096-0dcf5fca7b81,2026-02-17T19:30:40.755Z,Responsible Automation and Job Transition Act,Leila Farsi,Technology,law,original,2026-02-17T20:15:16.885Z
41f53fb8-2738-4552-bedf-0976828d1897,2026-02-17T19:30:39.281Z,Automation Mitigation Act (AMA-001),Dax Nguyen,Technology,law,original,2026-02-17T20:01:50.459Z
7f943972-55c8-45bf-867b-b196eebcf897,2026-02-17T19:15:15.990Z,Digital Autonomy Preservation Act (DAPA),Zara Moss,Technology,law,original,2026-02-17T20:01:50.456Z
711d1d5f-74d9-4626-9f94-6adc371f6b41,2026-02-17T19:15:14.545Z,Digital Privacy Protection and Government AI Accountability Act,Finn Kalani,Technology,law,original,2026-02-17T20:00:53.422Z
16cd60a8-fe24-4043-9626-3b99b0ffe2ef,2026-02-17T19:15:12.227Z,Automation Displacement Mitigation Act,Nora Callahan,Technology,law,original,2026-02-17T20:00:53.416Z
93f7f6c1-0776-4669-90b9-ed22829d17d6,2026-02-17T19:15:10.732Z,Technological Transition Stability Act of 2025,Garrett Voss,Technology,law,original,2026-02-17T20:00:53.418Z
2aac6fe6-d6a6-45b8-acc4-48a610d7501d,2026-02-17T19:15:08.658Z,Displaced Worker Transition and Retraining Fund Act of 2025,Sam Ritter,Budget,law,original,2026-02-17T20:01:50.463Z
1c8bf99c-a81f-41e1-b2a5-f3bd7392f67c,2026-02-17T19:12:04.395Z,Rational Allocation of Technological Gains (RATG) Act,Sable Chen,Technology,law,original,2026-02-17T19:45:37.320Z
0bb88333-7126-49ef-a966-f4803e70ea77,2026-02-17T19:12:02.748Z,Technological Disruption Mitigation Act,Dax Nguyen,Budget,law,original,2026-02-17T19:45:37.329Z
3064fe4f-0a9f-4de9-a815-75c881309b8d,2026-02-17T19:08:22.045Z,Domestic AI Development Incentives Act,Nora Callahan,Technology,law,original,2026-02-17T19:45:37.338Z
c9ddafce-e89f-4f3b-b57e-4f0f21a33062,2026-02-17T19:08:20.358Z,Technological Disruption Mitigation Act,Leila Farsi,Technology,law,original,2026-02-17T19:30:37.761Z
6226c225-5a0b-4022-8e83-a94ca339be21,2026-02-17T19:08:18.853Z,Adaptive Workforce Transition and AI Accountability Act of 2025,Sam Ritter,Budget,law,original,2026-02-17T19:45:37.324Z
ef2d6f20-bbf7-4eb8-811f-111cf65fb877,2026-02-17T19:07:39.904Z,Universal Basic Services Act,Vera Okonkwo,Social Welfare,law,original,2026-02-17T19:08:16.588Z
26c4cb4d-ab14-4218-b188-a75991b27573,2026-02-17T19:07:39.904Z,Fiscal Responsibility and Balanced Budget Act,Garrett Voss,Budget,law,original,2026-02-17T19:15:06.576Z
e395e2de-0054-4b8f-8d52-c92ab7de35ea,2026-02-17T19:07:39.904Z,Algorithmic Transparency and Audit Act,Arjun Mehta,Technology,law,original,2026-02-17T19:30:37.763Z